chapter	pdf_pages	section	source_kind	material_type	german	note
1	17	Begrüßung und Verabschiedung	Lernwortschatz	word	Hallo	
1	17	Begrüßung und Verabschiedung	Lernwortschatz	word	Moin	
1	17	Begrüßung und Verabschiedung	Lernwortschatz	phrase	Guten Morgen	
1	17	Begrüßung und Verabschiedung	Lernwortschatz	phrase	Guten Tag	
1	17	Begrüßung und Verabschiedung	Lernwortschatz	phrase	Guten Abend	
1	17	Begrüßung und Verabschiedung	Lernwortschatz	phrase	Gute Nacht	
1	17	Begrüßung und Verabschiedung	Lernwortschatz	word	Tschüss	
1	17	Begrüßung und Verabschiedung	Lernwortschatz	word	Ciao	
1	17	Begrüßung und Verabschiedung	Lernwortschatz	phrase	Auf Wiedersehen	
1	17	Begrüßung und Verabschiedung	Lernwortschatz	phrase	Auf Wiederhören	
1	17	Persönliche Angaben	Lernwortschatz	phrase	der Name	
1	17	Persönliche Angaben	Lernwortschatz	phrase	der Vorname	
1	17	Persönliche Angaben	Lernwortschatz	phrase	der Nachname / der Familienname	
1	17	Persönliche Angaben	Lernwortschatz	phrase	die Adresse	
1	17	Persönliche Angaben	Lernwortschatz	phrase	die Telefonnummer / die Handynummer	
1	17	Persönliche Angaben	Lernwortschatz	phrase	die E-Mail-Adresse	
1	17	Persönliche Angaben	Lernwortschatz	phrase	das Geburtsdatum	
1	17	Persönliche Angaben	Lernwortschatz	phrase	der Wohnort	
1	17	Persönliche Angaben	Lernwortschatz	phrase	die Herkunft / das Herkunftsland	
1	17	Persönliche Angaben	Lernwortschatz	phrase	die Sprache	
1	17	Persönliche Angaben	Lernwortschatz	phrase	die Nationalität	
1	17	Fragewörter und Fragen	Lernwortschatz	sentence	Wie?	
1	17	Fragewörter und Fragen	Lernwortschatz	sentence	Wer?	
1	17	Fragewörter und Fragen	Lernwortschatz	sentence	Wo?	
1	17	Fragewörter und Fragen	Lernwortschatz	sentence	Woher?	
1	17	Fragewörter und Fragen	Lernwortschatz	sentence	Was?	
1	17	Fragewörter und Fragen	Lernwortschatz	sentence	Wohnst du in …?	
1	17	Fragewörter und Fragen	Lernwortschatz	sentence	Kommst du aus …?	
1	17	Zahlen 0–20	Lernwortschatz	word	null	acht tidak tercetak pada daftar hasil ekstraksi; dicatat karena urutan 0–20 dan materi bab memuatnya
1	17	Zahlen 0–20	Lernwortschatz	word	eins	acht tidak tercetak pada daftar hasil ekstraksi; dicatat karena urutan 0–20 dan materi bab memuatnya
1	17	Zahlen 0–20	Lernwortschatz	word	zwei	acht tidak tercetak pada daftar hasil ekstraksi; dicatat karena urutan 0–20 dan materi bab memuatnya
1	17	Zahlen 0–20	Lernwortschatz	word	drei	acht tidak tercetak pada daftar hasil ekstraksi; dicatat karena urutan 0–20 dan materi bab memuatnya
1	17	Zahlen 0–20	Lernwortschatz	word	vier	acht tidak tercetak pada daftar hasil ekstraksi; dicatat karena urutan 0–20 dan materi bab memuatnya
1	17	Zahlen 0–20	Lernwortschatz	word	fünf	acht tidak tercetak pada daftar hasil ekstraksi; dicatat karena urutan 0–20 dan materi bab memuatnya
1	17	Zahlen 0–20	Lernwortschatz	word	sechs	acht tidak tercetak pada daftar hasil ekstraksi; dicatat karena urutan 0–20 dan materi bab memuatnya
1	17	Zahlen 0–20	Lernwortschatz	word	sieben	acht tidak tercetak pada daftar hasil ekstraksi; dicatat karena urutan 0–20 dan materi bab memuatnya
1	17	Zahlen 0–20	Lernwortschatz	word	acht	acht tidak tercetak pada daftar hasil ekstraksi; dicatat karena urutan 0–20 dan materi bab memuatnya
1	17	Zahlen 0–20	Lernwortschatz	word	neun	acht tidak tercetak pada daftar hasil ekstraksi; dicatat karena urutan 0–20 dan materi bab memuatnya
1	17	Zahlen 0–20	Lernwortschatz	word	zehn	acht tidak tercetak pada daftar hasil ekstraksi; dicatat karena urutan 0–20 dan materi bab memuatnya
1	17	Zahlen 0–20	Lernwortschatz	word	elf	acht tidak tercetak pada daftar hasil ekstraksi; dicatat karena urutan 0–20 dan materi bab memuatnya
1	17	Zahlen 0–20	Lernwortschatz	word	zwölf	acht tidak tercetak pada daftar hasil ekstraksi; dicatat karena urutan 0–20 dan materi bab memuatnya
1	17	Zahlen 0–20	Lernwortschatz	word	dreizehn	acht tidak tercetak pada daftar hasil ekstraksi; dicatat karena urutan 0–20 dan materi bab memuatnya
1	17	Zahlen 0–20	Lernwortschatz	word	vierzehn	acht tidak tercetak pada daftar hasil ekstraksi; dicatat karena urutan 0–20 dan materi bab memuatnya
1	17	Zahlen 0–20	Lernwortschatz	word	fünfzehn	acht tidak tercetak pada daftar hasil ekstraksi; dicatat karena urutan 0–20 dan materi bab memuatnya
1	17	Zahlen 0–20	Lernwortschatz	word	sechzehn	acht tidak tercetak pada daftar hasil ekstraksi; dicatat karena urutan 0–20 dan materi bab memuatnya
1	17	Zahlen 0–20	Lernwortschatz	word	siebzehn	acht tidak tercetak pada daftar hasil ekstraksi; dicatat karena urutan 0–20 dan materi bab memuatnya
1	17	Zahlen 0–20	Lernwortschatz	word	achtzehn	acht tidak tercetak pada daftar hasil ekstraksi; dicatat karena urutan 0–20 dan materi bab memuatnya
1	17	Zahlen 0–20	Lernwortschatz	word	neunzehn	acht tidak tercetak pada daftar hasil ekstraksi; dicatat karena urutan 0–20 dan materi bab memuatnya
1	17	Zahlen 0–20	Lernwortschatz	word	zwanzig	acht tidak tercetak pada daftar hasil ekstraksi; dicatat karena urutan 0–20 dan materi bab memuatnya
1	17	Sprachen	Lernwortschatz	word	Deutsch	
1	17	Sprachen	Lernwortschatz	word	Englisch	
1	17	Sprachen	Lernwortschatz	word	Indonesisch	
1	17	Sprachen	Lernwortschatz	word	Arabisch	
1	17	Sprachen	Lernwortschatz	word	Italienisch	
1	17	Sprachen	Lernwortschatz	word	Chinesisch	
1	17	Sprachen	Lernwortschatz	word	Türkisch	
1	18	Grüßen und sich vorstellen	Redemittel	sentence	Hallo!	
1	18	Grüßen und sich vorstellen	Redemittel	sentence	Guten Tag!	
1	18	Grüßen und sich vorstellen	Redemittel	sentence	Guten Morgen!	
1	18	Grüßen und sich vorstellen	Redemittel	sentence	Guten Abend!	
1	18	Grüßen und sich vorstellen	Redemittel	sentence	Tschüss!	
1	18	Grüßen und sich vorstellen	Redemittel	sentence	Auf Wiedersehen!	
1	18	Grüßen und sich vorstellen	Redemittel	sentence	Gute Nacht!	
1	18	Grüßen und sich vorstellen	Redemittel	sentence	Wer bist du?	
1	18	Grüßen und sich vorstellen	Redemittel	sentence	Ich bin …	
1	18	Grüßen und sich vorstellen	Redemittel	sentence	Wie heißt du?	
1	18	Grüßen und sich vorstellen	Redemittel	sentence	Ich heiße …	
1	18	Herkunft und Angaben	Redemittel	sentence	Wo wohnen Sie?	
1	18	Herkunft und Angaben	Redemittel	sentence	Wo wohnst du?	
1	18	Herkunft und Angaben	Redemittel	sentence	Ich wohne in …	
1	18	Herkunft und Angaben	Redemittel	sentence	Woher kommen Sie?	
1	18	Herkunft und Angaben	Redemittel	sentence	Woher kommst du?	
1	18	Herkunft und Angaben	Redemittel	sentence	Ich komme aus …	
1	18	Herkunft und Angaben	Redemittel	sentence	Welche Sprachen sprechen Sie?	
1	18	Herkunft und Angaben	Redemittel	sentence	Welche Sprachen sprichst du?	
1	18	Herkunft und Angaben	Redemittel	sentence	Ich spreche …	
1	18	Herkunft und Angaben	Redemittel	sentence	Wie ist Ihre Telefonnummer?	
1	18	Herkunft und Angaben	Redemittel	sentence	Wie ist deine Telefonnummer?	
1	18	Herkunft und Angaben	Redemittel	sentence	Wie ist Ihre E-Mail-Adresse?	
1	18	Herkunft und Angaben	Redemittel	sentence	Wie ist deine E-Mail-Adresse?	
1	18	Herkunft und Angaben	Redemittel	sentence	Wer ist das?	
1	18	Herkunft und Angaben	Redemittel	sentence	Das ist …	
1	18	Befinden	Redemittel	sentence	Wie geht es Ihnen?	
1	18	Befinden	Redemittel	sentence	Wie geht's dir?	
1	18	Befinden	Redemittel	sentence	Wie geht's?	
1	18	Befinden	Redemittel	sentence	Danke, sehr gut.	
1	18	Befinden	Redemittel	sentence	Danke, gut.	
1	18	Befinden	Redemittel	sentence	Ganz gut.	
1	18	Befinden	Redemittel	sentence	Und Ihnen?	
1	18	Befinden	Redemittel	sentence	Und dir?	
2	38	Aktivitäten	Lernwortschatz	word	aufstehen	
2	38	Aktivitäten	Lernwortschatz	word	duschen	
2	38	Aktivitäten	Lernwortschatz	word	frühstücken	
2	38	Aktivitäten	Lernwortschatz	word	essen	
2	38	Aktivitäten	Lernwortschatz	word	trinken	
2	38	Aktivitäten	Lernwortschatz	word	lernen	
2	38	Aktivitäten	Lernwortschatz	word	lesen	
2	38	Aktivitäten	Lernwortschatz	word	schlafen	
2	38	Aktivitäten	Lernwortschatz	word	spielen	
2	38	Aktivitäten	Lernwortschatz	word	joggen	
2	38	Aktivitäten	Lernwortschatz	word	telefonieren	
2	38	Aktivitäten	Lernwortschatz	word	besuchen	
2	38	Aktivitäten	Lernwortschatz	word	einkaufen	
2	38	Aktivitäten	Lernwortschatz	word	feiern	
2	38	Aktivitäten	Lernwortschatz	word	arbeiten	
2	38	Zeitangaben	Lernwortschatz	word	morgens	
2	38	Zeitangaben	Lernwortschatz	word	abends	
2	38	Zeitangaben	Lernwortschatz	phrase	am Montag	
2	38	Zeitangaben	Lernwortschatz	phrase	am Dienstag	
2	38	Zeitangaben	Lernwortschatz	phrase	am Wochenende	
2	38	Zeitangaben	Lernwortschatz	phrase	von … bis …	
2	38	Zeitangaben	Lernwortschatz	word	heute	
2	38	Zeitangaben	Lernwortschatz	word	morgen	
2	38	Zeitangaben	Lernwortschatz	phrase	jeden Tag	
2	38	Andere wichtige Wörter	Lernwortschatz	phrase	die Schule	
2	38	Andere wichtige Wörter	Lernwortschatz	phrase	das Buch	
2	38	Andere wichtige Wörter	Lernwortschatz	phrase	der Freund / die Freundin	
2	38	Andere wichtige Wörter	Lernwortschatz	phrase	das Bett	
2	38	Andere wichtige Wörter	Lernwortschatz	phrase	das Mittagessen / das Abendessen	
2	38	Andere wichtige Wörter	Lernwortschatz	phrase	die Arbeit	
2	38	Andere wichtige Wörter	Lernwortschatz	phrase	der Supermarkt	
2	38	Andere wichtige Wörter	Lernwortschatz	phrase	der Kaffee	
2	38	Andere wichtige Wörter	Lernwortschatz	phrase	die Zeit	
2	38	Andere wichtige Wörter	Lernwortschatz	phrase	die Musik	
2	39	Aktivitäten und Zeit	Redemittel	sentence	Ich lerne Deutsch.	
2	39	Aktivitäten und Zeit	Redemittel	sentence	Ich lese ein Buch.	
2	39	Aktivitäten und Zeit	Redemittel	sentence	Ich spiele Fußball.	
2	39	Aktivitäten und Zeit	Redemittel	sentence	Ich schlafe gut.	
2	39	Aktivitäten und Zeit	Redemittel	sentence	Am Montag lerne ich.	
2	39	Aktivitäten und Zeit	Redemittel	sentence	Heute lese ich.	
2	39	Aktivitäten und Zeit	Redemittel	sentence	Morgen treffe ich Freunde.	
2	39	Aktivitäten und Zeit	Redemittel	sentence	Ich spiele am Nachmittag.	
2	39	Aktivitäten und Zeit	Redemittel	sentence	Ich schlafe am Abend.	
2	39	Termin vereinbaren	Redemittel	sentence	Gehen wir am …?	
2	39	Termin vereinbaren	Redemittel	sentence	Passt das?	
2	39	Termin vereinbaren	Redemittel	sentence	Geht das?	
2	39	Termin vereinbaren	Redemittel	sentence	Ja, gern!	
2	39	Termin vereinbaren	Redemittel	sentence	Super!	
2	39	Termin vereinbaren	Redemittel	sentence	Nein, das geht leider nicht.	
2	39	Meinung und Reaktion	Redemittel	sentence	Das ist interessant.	
2	39	Meinung und Reaktion	Redemittel	sentence	Das ist langweilig.	
2	39	Meinung und Reaktion	Redemittel	sentence	Das macht Spaß!	
2	39	Meinung und Reaktion	Redemittel	sentence	Ich weiß nicht.	
2	39	Meinung und Reaktion	Redemittel	sentence	Ja.	
2	39	Meinung und Reaktion	Redemittel	sentence	Nein.	
2	39	Meinung und Reaktion	Redemittel	sentence	Doch!	
2	39	Datum	Redemittel	phrase	der erste	
2	39	Datum	Redemittel	phrase	der fünfte	
2	39	Datum	Redemittel	phrase	der zwanzigste	
2	39	Datum	Redemittel	sentence	Heute ist der dritte Mai.	
2	39	Datum	Redemittel	sentence	Am dritten Mai lese ich.	
3	61	Zu Hause	Lernwortschatz	phrase	das Haus	
3	61	Zu Hause	Lernwortschatz	phrase	die Wohnung	
3	61	Zu Hause	Lernwortschatz	phrase	das Zimmer	
3	61	Zu Hause	Lernwortschatz	phrase	das Wohnzimmer	
3	61	Zu Hause	Lernwortschatz	phrase	das Schlafzimmer	
3	61	Zu Hause	Lernwortschatz	phrase	das Arbeitszimmer	
3	61	Zu Hause	Lernwortschatz	phrase	die Küche	
3	61	Zu Hause	Lernwortschatz	phrase	das Bad	
3	61	Zu Hause	Lernwortschatz	phrase	der Flur	
3	61	Zu Hause	Lernwortschatz	phrase	der Balkon	
3	61	Zu Hause	Lernwortschatz	phrase	der Garten	
3	61	Zu Hause	Lernwortschatz	phrase	das Dach	
3	61	Zu Hause	Lernwortschatz	phrase	der Keller	
3	61	Möbel und Geräte	Lernwortschatz	phrase	das Sofa	
3	61	Möbel und Geräte	Lernwortschatz	phrase	der Tisch	
3	61	Möbel und Geräte	Lernwortschatz	phrase	der Schreibtisch	
3	61	Möbel und Geräte	Lernwortschatz	phrase	der Stuhl	
3	61	Möbel und Geräte	Lernwortschatz	phrase	der Schrank	
3	61	Möbel und Geräte	Lernwortschatz	phrase	das Regal	
3	61	Möbel und Geräte	Lernwortschatz	phrase	der Nachttisch	
3	61	Möbel und Geräte	Lernwortschatz	phrase	der Spiegel	
3	61	Möbel und Geräte	Lernwortschatz	phrase	der Herd	
3	61	Möbel und Geräte	Lernwortschatz	phrase	der Kühlschrank	
3	61	Möbel und Geräte	Lernwortschatz	phrase	die Mikrowelle	
3	61	Möbel und Geräte	Lernwortschatz	phrase	der Fernseher	
3	61	Möbel und Geräte	Lernwortschatz	phrase	die Lampe	
3	61	Möbel und Geräte	Lernwortschatz	phrase	der Kamin	
3	61	Wohnformen	Lernwortschatz	phrase	das Reihenhaus	
3	61	Wohnformen	Lernwortschatz	phrase	das Bauernhaus	
3	61	Wohnformen	Lernwortschatz	phrase	das Loft	
3	61	Wohnformen	Lernwortschatz	phrase	das Hochhaus	
3	61	Wohnformen	Lernwortschatz	phrase	das Mehrfamilienhaus	
3	61	Wohnformen	Lernwortschatz	phrase	das Studentenwohnheim	
3	61	Präpositionen	Lernwortschatz	word	in	
3	61	Präpositionen	Lernwortschatz	word	auf	
3	61	Präpositionen	Lernwortschatz	word	hinter	
3	61	Präpositionen	Lernwortschatz	word	durch	
3	61	Präpositionen	Lernwortschatz	word	über	
3	61	Umgebung	Lernwortschatz	phrase	der Park	
3	61	Umgebung	Lernwortschatz	phrase	der Spielplatz	
3	61	Umgebung	Lernwortschatz	phrase	die Straße	
3	61	Umgebung	Lernwortschatz	phrase	die Ecke	
3	61	Umgebung	Lernwortschatz	phrase	das Café	
3	61	Umgebung	Lernwortschatz	phrase	der Supermarkt	
3	61	Umgebung	Lernwortschatz	phrase	die Bäckerei	
3	61	Umgebung	Lernwortschatz	phrase	die Post	
3	61	Umgebung	Lernwortschatz	phrase	der Fluss	
3	61	Umgebung	Lernwortschatz	phrase	der Markt	
3	61	Umgebung	Lernwortschatz	phrase	das Gebäude	
3	61	Umgebung	Lernwortschatz	phrase	die Nachbarschaft	
3	61	Umgebung	Lernwortschatz	phrase	das Viertel	
3	61	Sonstige Verben	Lernwortschatz	word	sehen	Sumber menulis hängen (Bewegung); bentuk transitif/posisi perlu diverifikasi pada tahap editorial
3	61	Sonstige Verben	Lernwortschatz	word	lesen	Sumber menulis hängen (Bewegung); bentuk transitif/posisi perlu diverifikasi pada tahap editorial
3	61	Sonstige Verben	Lernwortschatz	word	treffen	Sumber menulis hängen (Bewegung); bentuk transitif/posisi perlu diverifikasi pada tahap editorial
3	61	Sonstige Verben	Lernwortschatz	word	finden	Sumber menulis hängen (Bewegung); bentuk transitif/posisi perlu diverifikasi pada tahap editorial
3	61	Sonstige Verben	Lernwortschatz	word	kennen	Sumber menulis hängen (Bewegung); bentuk transitif/posisi perlu diverifikasi pada tahap editorial
3	61	Sonstige Verben	Lernwortschatz	word	bringen	Sumber menulis hängen (Bewegung); bentuk transitif/posisi perlu diverifikasi pada tahap editorial
3	61	Sonstige Verben	Lernwortschatz	word	sein	Sumber menulis hängen (Bewegung); bentuk transitif/posisi perlu diverifikasi pada tahap editorial
3	61	Sonstige Verben	Lernwortschatz	word	haben	Sumber menulis hängen (Bewegung); bentuk transitif/posisi perlu diverifikasi pada tahap editorial
3	61	Sonstige Verben	Lernwortschatz	phrase	hängen (Bewegung)	Sumber menulis hängen (Bewegung); bentuk transitif/posisi perlu diverifikasi pada tahap editorial
4	95	Familie	Lernwortschatz	phrase	die Familie	
4	95	Familie	Lernwortschatz	phrase	die Eltern	
4	95	Familie	Lernwortschatz	phrase	der Vater	
4	95	Familie	Lernwortschatz	phrase	die Mutter	
4	95	Familie	Lernwortschatz	phrase	der Sohn	
4	95	Familie	Lernwortschatz	phrase	die Tochter	
4	95	Familie	Lernwortschatz	phrase	der Bruder	
4	95	Familie	Lernwortschatz	phrase	die Schwester	
4	95	Familie	Lernwortschatz	phrase	der Onkel	
4	95	Familie	Lernwortschatz	phrase	die Tante	
4	95	Familie	Lernwortschatz	phrase	der Cousin	
4	95	Familie	Lernwortschatz	phrase	die Cousine	
4	95	Familie	Lernwortschatz	phrase	der Opa	
4	95	Familie	Lernwortschatz	phrase	die Oma	
4	95	Familie	Lernwortschatz	phrase	das Baby	
4	95	Familie	Lernwortschatz	phrase	die Zwillinge	
4	95	Familie	Lernwortschatz	phrase	das Kind	
4	95	Familie	Lernwortschatz	phrase	die Geschwister	
4	95	Aktivitäten	Lernwortschatz	word	spielen	
4	95	Aktivitäten	Lernwortschatz	phrase	Musik hören	
4	95	Aktivitäten	Lernwortschatz	word	tanzen	
4	95	Aktivitäten	Lernwortschatz	word	singen	
4	95	Aktivitäten	Lernwortschatz	phrase	Filme sehen	
4	95	Aktivitäten	Lernwortschatz	phrase	Fotos machen	
4	95	Aktivitäten	Lernwortschatz	word	telefonieren	
4	95	Aktivitäten	Lernwortschatz	phrase	spazieren gehen	
4	95	Aktivitäten	Lernwortschatz	phrase	Picknick machen	
4	95	Aktivitäten	Lernwortschatz	word	wandern	
4	95	Aktivitäten	Lernwortschatz	word	klettern	
4	95	Aktivitäten	Lernwortschatz	word	feiern	
4	95	Aktivitäten	Lernwortschatz	word	kochen	
4	95	Aktivitäten	Lernwortschatz	word	grillen	
4	95	Aktivitäten	Lernwortschatz	phrase	Ski fahren	
4	95	Aktivitäten	Lernwortschatz	phrase	Schlittschuh laufen	
4	95	Aktivitäten	Lernwortschatz	phrase	Fahrrad fahren	
4	95	Aktivitäten	Lernwortschatz	word	helfen	
4	95	Aktivitäten	Lernwortschatz	word	lernen	
4	95	Aktivitäten	Lernwortschatz	word	reisen	
4	95	Aktivitäten	Lernwortschatz	word	essen	
4	95	Aktivitäten	Lernwortschatz	word	treffen	
4	95	Aktivitäten	Lernwortschatz	word	reden	
4	95	Aktivitäten	Lernwortschatz	word	lächeln	
4	95	Aktivitäten	Lernwortschatz	word	posten	
4	95	Aktivitäten	Lernwortschatz	word	besuchen	
4	95	Freunde	Lernwortschatz	phrase	der Freund	
4	95	Freunde	Lernwortschatz	phrase	die Freundin	
4	95	Freunde	Lernwortschatz	phrase	die beste Freundin	
4	95	Freunde	Lernwortschatz	phrase	der beste Freund	
4	95	Freunde	Lernwortschatz	phrase	die Gruppe	
4	95	Freunde	Lernwortschatz	phrase	der Klassenkamerad	
4	95	Freunde	Lernwortschatz	phrase	der Besuch	
4	95	Zeitangaben	Lernwortschatz	phrase	am Wochenende	
4	95	Zeitangaben	Lernwortschatz	phrase	jeden Tag	
4	95	Zeitangaben	Lernwortschatz	word	morgens	
4	95	Zeitangaben	Lernwortschatz	word	mittags	
4	95	Zeitangaben	Lernwortschatz	word	abends	
4	95	Zeitangaben	Lernwortschatz	word	früh	
4	95	Zeitangaben	Lernwortschatz	word	spät	
4	95	Zeitangaben	Lernwortschatz	word	manchmal	
4	95	Zeitangaben	Lernwortschatz	word	oft	
4	95	Zeitangaben	Lernwortschatz	word	immer	
4	95	Trennbare Verben	Lernwortschatz	word	anfangen	
4	95	Trennbare Verben	Lernwortschatz	word	anrufen	
4	95	Trennbare Verben	Lernwortschatz	word	mitmachen	
4	95	Trennbare Verben	Lernwortschatz	word	abholen	
4	95	Trennbare Verben	Lernwortschatz	word	einladen	
4	95	Trennbare Verben	Lernwortschatz	word	mitbringen	
4	95	Trennbare Verben	Lernwortschatz	word	mitkommen	
4	95	Trennbare Verben	Lernwortschatz	word	vorstellen	
4	95	Trennbare Verben	Lernwortschatz	word	einsammeln	
4	95	Trennbare Verben	Lernwortschatz	word	einkaufen	
4	96	Adjektive	Lernwortschatz	word	freundlich	
4	96	Adjektive	Lernwortschatz	word	sportlich	
4	96	Adjektive	Lernwortschatz	word	lustig	
4	96	Adjektive	Lernwortschatz	word	laut	
4	96	Adjektive	Lernwortschatz	word	leise	
4	96	Adjektive	Lernwortschatz	word	cool	
4	96	Adjektive	Lernwortschatz	word	gemütlich	
4	96	Adjektive	Lernwortschatz	word	warm	
4	96	Adjektive	Lernwortschatz	word	kalt	
4	96	Adjektive	Lernwortschatz	word	müde	
4	96	Adjektive	Lernwortschatz	word	glücklich	
4	96	Adjektive	Lernwortschatz	word	schlank	
4	96	Adjektive	Lernwortschatz	word	stark	
4	96	Adjektive	Lernwortschatz	word	süß	
4	96	Adjektive	Lernwortschatz	word	fleißig	
4	96	Adjektive	Lernwortschatz	word	faul	
4	96	Adjektive	Lernwortschatz	word	entspannt	
4	96	Adjektive	Lernwortschatz	word	jung	
4	96	Adjektive	Lernwortschatz	word	neu	
4	97	Familie beschreiben	Redemittel	sentence	In meiner Familie gibt es … Personen.	
4	97	Familie beschreiben	Redemittel	sentence	Ich habe … Geschwister.	
4	97	Familie beschreiben	Redemittel	sentence	Ich habe einen Bruder.	
4	97	Familie beschreiben	Redemittel	sentence	Ich habe eine Schwester.	
4	97	Familie beschreiben	Redemittel	phrase	Mein Vater heißt …	
4	97	Familie beschreiben	Redemittel	phrase	Meine Mutter heißt …	
4	97	Familie beschreiben	Redemittel	phrase	Mein Bruder heißt …	
4	97	Familie beschreiben	Redemittel	phrase	Meine Schwester heißt …	
4	97	Familie beschreiben	Redemittel	sentence	Er ist freundlich.	
4	97	Familie beschreiben	Redemittel	sentence	Sie ist nicht müde.	
4	97	Familie beschreiben	Redemittel	sentence	Er spielt gern …	
4	97	Familie beschreiben	Redemittel	sentence	Sie macht gern …	
4	97	Familie beschreiben	Redemittel	sentence	Wir machen zusammen …	
5	116	Berufe und Arbeitsplatz	Lernwortschatz	phrase	der Beruf, die Berufe	
5	116	Berufe und Arbeitsplatz	Lernwortschatz	phrase	der Chef, die Chefs	
5	116	Berufe und Arbeitsplatz	Lernwortschatz	phrase	der Kunde, die Kunden	
5	116	Berufe und Arbeitsplatz	Lernwortschatz	phrase	der Kollege, die Kollegen	
5	116	Berufe und Arbeitsplatz	Lernwortschatz	phrase	die Kollegin, die Kolleginnen	
5	116	Berufe und Arbeitsplatz	Lernwortschatz	phrase	die Autowerkstatt, die Autowerkstätten	
5	116	Berufe und Arbeitsplatz	Lernwortschatz	phrase	die Arbeit, die Arbeiten	
5	116	Berufe und Arbeitsplatz	Lernwortschatz	phrase	die Arbeitszeit, die Arbeitszeiten	
5	116	Berufe und Arbeitsplatz	Lernwortschatz	phrase	die Aufgabe, die Aufgaben	
5	116	Berufe und Arbeitsplatz	Lernwortschatz	phrase	der Bericht, die Berichte	
5	116	Berufe und Arbeitsplatz	Lernwortschatz	phrase	die Besprechung, die Besprechungen	
5	116	Berufe und Arbeitsplatz	Lernwortschatz	phrase	das Büro, die Büros	
5	116	Berufe und Arbeitsplatz	Lernwortschatz	phrase	der Computer, die Computer	
5	116	Berufe und Arbeitsplatz	Lernwortschatz	phrase	der Drucker, die Drucker	
5	116	Berufe und Arbeitsplatz	Lernwortschatz	phrase	die E-Mail, die E-Mails	
5	116	Berufe und Arbeitsplatz	Lernwortschatz	phrase	der Termin, die Termine	
5	116	Berufe und Arbeitsplatz	Lernwortschatz	phrase	die Geschäftsreise	
5	116	Arbeitstätigkeiten	Lernwortschatz	word	arbeiten	
5	116	Arbeitstätigkeiten	Lernwortschatz	word	drucken	
5	116	Arbeitstätigkeiten	Lernwortschatz	word	erledigen	
5	116	Arbeitstätigkeiten	Lernwortschatz	word	erklären	
5	116	Arbeitstätigkeiten	Lernwortschatz	word	sagen	
5	116	Arbeitstätigkeiten	Lernwortschatz	word	schreiben	
5	116	Arbeitstätigkeiten	Lernwortschatz	word	starten	
5	116	Arbeitstätigkeiten	Lernwortschatz	word	treffen	
5	116	Arbeitstätigkeiten	Lernwortschatz	word	vorbereiten	
5	116	Arbeitstätigkeiten	Lernwortschatz	word	ausschalten	
5	116	Arbeitstätigkeiten	Lernwortschatz	word	gefallen	
5	116	Arbeitstätigkeiten	Lernwortschatz	word	geben	
5	116	Arbeitstätigkeiten	Lernwortschatz	word	können	
5	116	Arbeitstätigkeiten	Lernwortschatz	word	müssen	
5	116	Arbeitstätigkeiten	Lernwortschatz	word	sollen	
5	116	Arbeitstätigkeiten	Lernwortschatz	word	anbieten	
5	116	Arbeitstätigkeiten	Lernwortschatz	word	annehmen	
5	116	Arbeitstätigkeiten	Lernwortschatz	word	ablehnen	
5	116	Arbeitstätigkeiten	Lernwortschatz	word	danken	
5	116	Arbeitstätigkeiten	Lernwortschatz	word	helfen	
5	116	Arbeitstätigkeiten	Lernwortschatz	word	zuhören	
5	116	Arbeit beschreiben	Lernwortschatz	word	anstrengend	
5	116	Arbeit beschreiben	Lernwortschatz	word	flexibel	
5	116	Arbeit beschreiben	Lernwortschatz	word	frei	
5	116	Arbeit beschreiben	Lernwortschatz	word	gut	
5	116	Arbeit beschreiben	Lernwortschatz	word	modern	
5	116	Arbeit beschreiben	Lernwortschatz	word	müde	
5	116	Arbeit beschreiben	Lernwortschatz	word	stressig	
5	116	Arbeit beschreiben	Lernwortschatz	word	zufrieden	
5	116	Arbeit beschreiben	Lernwortschatz	word	pünktlich	
5	116	Arbeit beschreiben	Lernwortschatz	word	draußen	
5	116	Arbeit beschreiben	Lernwortschatz	word	freundlich	
5	116	Arbeit beschreiben	Lernwortschatz	word	streng	
5	116	Arbeit beschreiben	Lernwortschatz	word	unfreundlich	
5	117	Beruf und Arbeitszeit	Redemittel	sentence	Was sind Sie von Beruf?	
5	117	Beruf und Arbeitszeit	Redemittel	sentence	Was bist du von Beruf?	
5	117	Beruf und Arbeitszeit	Redemittel	sentence	Ich arbeite als …	
5	117	Beruf und Arbeitszeit	Redemittel	sentence	Ich bin …	
5	117	Beruf und Arbeitszeit	Redemittel	sentence	Ich studiere …	
5	117	Beruf und Arbeitszeit	Redemittel	sentence	Wie viele Stunden arbeitest du?	
5	117	Beruf und Arbeitszeit	Redemittel	sentence	Wann fängt deine Arbeit an?	
5	117	Beruf und Arbeitszeit	Redemittel	sentence	Wann hast du frei?	
5	117	Beruf und Arbeitszeit	Redemittel	sentence	Wann haben Sie frei?	
5	117	Beruf und Arbeitszeit	Redemittel	sentence	Gefällt dir die Arbeit?	
5	117	Beruf und Arbeitszeit	Redemittel	sentence	Ich arbeite von … bis … Uhr.	
5	117	Beruf und Arbeitszeit	Redemittel	sentence	Ich habe eine Stunde Mittagspause.	
5	117	Beruf und Arbeitszeit	Redemittel	sentence	Meine Arbeit beginnt um … Uhr.	
5	117	Hilfe und Pflichten	Redemittel	sentence	Kann ich Ihnen helfen?	
5	117	Hilfe und Pflichten	Redemittel	sentence	Brauchen Sie Hilfe?	
5	117	Hilfe und Pflichten	Redemittel	sentence	Kann ich dir helfen?	
5	117	Hilfe und Pflichten	Redemittel	sentence	Kann ich Ihnen mit … helfen?	
5	117	Hilfe und Pflichten	Redemittel	sentence	Ja, das ist sehr nett von Ihnen.	
5	117	Hilfe und Pflichten	Redemittel	phrase	Helfen Sie mir bitte mit …	
5	117	Hilfe und Pflichten	Redemittel	sentence	Nein, danke.	
5	117	Hilfe und Pflichten	Redemittel	sentence	Das ist nicht nötig.	
5	117	Hilfe und Pflichten	Redemittel	sentence	Ich brauche Ihre Hilfe.	
5	117	Hilfe und Pflichten	Redemittel	sentence	Können Sie bitte …?	
5	117	Hilfe und Pflichten	Redemittel	sentence	Was sind deine Aufgaben?	
5	117	Hilfe und Pflichten	Redemittel	sentence	Was sind Ihre Aufgaben?	
5	117	Hilfe und Pflichten	Redemittel	phrase	Meine Aufgaben sind …	
5	117	Uhrzeit	Redemittel	sentence	Wie spät ist es?	
5	117	Uhrzeit	Redemittel	sentence	Wie viel Uhr ist es?	
5	117	Uhrzeit	Redemittel	sentence	Es ist halb drei.	
5	117	Uhrzeit	Redemittel	sentence	Es ist kurz nach vier.	
5	117	Uhrzeit	Redemittel	sentence	Um … Uhr.	
5	117	Uhrzeit	Redemittel	phrase	von … bis …	
6	137	Obst	Lernwortschatz	phrase	die Banane	
6	137	Obst	Lernwortschatz	phrase	der Apfel	
6	137	Obst	Lernwortschatz	phrase	die Birne	
6	137	Obst	Lernwortschatz	phrase	die Melone	
6	137	Obst	Lernwortschatz	phrase	die Kirsche	
6	137	Obst	Lernwortschatz	phrase	die Orange	
6	137	Obst	Lernwortschatz	phrase	die Mango	
6	137	Obst	Lernwortschatz	phrase	der Pfirsich	
6	137	Obst	Lernwortschatz	phrase	die Traube	
6	137	Gemüse	Lernwortschatz	phrase	die Zucchini	
6	137	Gemüse	Lernwortschatz	phrase	die Gurke	
6	137	Gemüse	Lernwortschatz	phrase	die Karotte	
6	137	Gemüse	Lernwortschatz	phrase	die Kartoffel	
6	137	Gemüse	Lernwortschatz	phrase	die Tomate	
6	137	Gemüse	Lernwortschatz	phrase	der Mais	
6	137	Gemüse	Lernwortschatz	phrase	der Spinat	
6	137	Gemüse	Lernwortschatz	phrase	die Paprika	
6	137	Gemüse	Lernwortschatz	phrase	der Brokkoli	
6	137	Andere Lebensmittel	Lernwortschatz	phrase	das Hähnchen	
6	137	Andere Lebensmittel	Lernwortschatz	phrase	der Schinken	
6	137	Andere Lebensmittel	Lernwortschatz	phrase	der Reis	
6	137	Andere Lebensmittel	Lernwortschatz	phrase	der Kuchen	
6	137	Andere Lebensmittel	Lernwortschatz	phrase	der Zucker	
6	137	Andere Lebensmittel	Lernwortschatz	phrase	der Käse	
6	137	Andere Lebensmittel	Lernwortschatz	phrase	das Fleisch	
6	137	Andere Lebensmittel	Lernwortschatz	phrase	die Nudeln	
6	137	Andere Lebensmittel	Lernwortschatz	phrase	der Fisch	
6	137	Andere Lebensmittel	Lernwortschatz	phrase	das Brot	
6	137	Andere Lebensmittel	Lernwortschatz	phrase	die Wurst	
6	137	Andere Lebensmittel	Lernwortschatz	phrase	die Marmelade	
6	137	Getränke	Lernwortschatz	phrase	der Tee	die Schokolade berada di kolom Getränke pada sumber; klasifikasi perlu diperiksa
6	137	Getränke	Lernwortschatz	phrase	die Milch	die Schokolade berada di kolom Getränke pada sumber; klasifikasi perlu diperiksa
6	137	Getränke	Lernwortschatz	phrase	das Bier	die Schokolade berada di kolom Getränke pada sumber; klasifikasi perlu diperiksa
6	137	Getränke	Lernwortschatz	phrase	der Kaffee	die Schokolade berada di kolom Getränke pada sumber; klasifikasi perlu diperiksa
6	137	Getränke	Lernwortschatz	phrase	der Saft	die Schokolade berada di kolom Getränke pada sumber; klasifikasi perlu diperiksa
6	137	Getränke	Lernwortschatz	phrase	der Wein	die Schokolade berada di kolom Getränke pada sumber; klasifikasi perlu diperiksa
6	137	Getränke	Lernwortschatz	phrase	die Cola	die Schokolade berada di kolom Getränke pada sumber; klasifikasi perlu diperiksa
6	137	Getränke	Lernwortschatz	phrase	die Limonade	die Schokolade berada di kolom Getränke pada sumber; klasifikasi perlu diperiksa
6	137	Getränke	Lernwortschatz	phrase	die Schokolade	die Schokolade berada di kolom Getränke pada sumber; klasifikasi perlu diperiksa
6	137	Getränke	Lernwortschatz	phrase	der Kakao	die Schokolade berada di kolom Getränke pada sumber; klasifikasi perlu diperiksa
6	137	Beim Essen	Lernwortschatz	word	frühstücken	
6	137	Beim Essen	Lernwortschatz	word	trinken	
6	137	Beim Essen	Lernwortschatz	word	essen	
6	137	Beim Essen	Lernwortschatz	word	kochen	
6	137	Beim Essen	Lernwortschatz	phrase	das Frühstück	
6	137	Beim Essen	Lernwortschatz	phrase	das Mittagessen	
6	137	Beim Essen	Lernwortschatz	phrase	das Abendessen	
6	137	Beim Essen	Lernwortschatz	word	cremig	
6	137	Beim Essen	Lernwortschatz	word	süß	
6	137	Beim Essen	Lernwortschatz	word	schmecken	
6	137	Beim Essen	Lernwortschatz	word	lecker	
6	137	Beim Essen	Lernwortschatz	word	empfehlen	
6	137	Beim Essen	Lernwortschatz	phrase	die Speisekarte	
6	137	Beim Essen	Lernwortschatz	word	mögen	
6	137-138	Beim Einkaufen	Lernwortschatz	word	möchten	
6	137-138	Beim Einkaufen	Lernwortschatz	word	bezahlen	
6	137-138	Beim Einkaufen	Lernwortschatz	word	nehmen	
6	137-138	Beim Einkaufen	Lernwortschatz	word	brauchen	
6	137-138	Beim Einkaufen	Lernwortschatz	word	billig	
6	137-138	Beim Einkaufen	Lernwortschatz	word	teuer	
6	137-138	Beim Einkaufen	Lernwortschatz	word	helfen	
6	137-138	Beim Einkaufen	Lernwortschatz	word	kosten	
6	137-138	Beim Einkaufen	Lernwortschatz	phrase	das Angebot	
6	138	Tageszeiten	Lernwortschatz	phrase	jeden Morgen	
6	138	Tageszeiten	Lernwortschatz	word	morgens	
6	138	Tageszeiten	Lernwortschatz	phrase	am Mittag	
6	138	Tageszeiten	Lernwortschatz	word	mittags	
6	138	Tageszeiten	Lernwortschatz	word	abends	
6	138	Tageszeiten	Lernwortschatz	phrase	am Abend	
6	138	Gerichte	Lernwortschatz	phrase	der Döner	
6	138	Gerichte	Lernwortschatz	phrase	die Spaghetti	
6	138	Gerichte	Lernwortschatz	phrase	der Apfelkuchen	
6	138	Gerichte	Lernwortschatz	phrase	der Käsekuchen	
6	138	Gerichte	Lernwortschatz	phrase	der Kartoffelsalat	
6	138	Gerichte	Lernwortschatz	phrase	die Apfelsaftschorle	
6	138	Gerichte	Lernwortschatz	phrase	die Currywurst	
6	138	Gerichte	Lernwortschatz	phrase	der Salat	
6	138	Gerichte	Lernwortschatz	phrase	das Hähnchen	
6	138	Gerichte	Lernwortschatz	phrase	das Schnitzel	
6	138	Gerichte	Lernwortschatz	phrase	die Tomatensuppe	
6	138	Gerichte	Lernwortschatz	phrase	das Spiegelei	
6	138	Im Restaurant	Lernwortschatz	word	bestellen	
6	138	Im Restaurant	Lernwortschatz	phrase	die Rechnung	
6	138	Im Restaurant	Lernwortschatz	phrase	die Empfehlung	
6	138	Im Restaurant	Lernwortschatz	word	empfehlen	
6	138	Im Restaurant	Lernwortschatz	phrase	der Nachtisch	
6	138	Im Restaurant	Lernwortschatz	phrase	die Speisekarte	
6	138	Im Restaurant	Lernwortschatz	phrase	das Restaurant	
6	138	Im Restaurant	Lernwortschatz	sentence	Guten Appetit!	
6	138	Im Restaurant	Lernwortschatz	phrase	der Gast	
6	138	Im Restaurant	Lernwortschatz	phrase	die Gästin	
6	138	Andere wichtige Wörter	Lernwortschatz	word	frisch	
6	138	Andere wichtige Wörter	Lernwortschatz	phrase	in der Mensa	
6	138	Andere wichtige Wörter	Lernwortschatz	word	zusammen	
6	138	Andere wichtige Wörter	Lernwortschatz	word	oft	
6	138	Andere wichtige Wörter	Lernwortschatz	word	manchmal	
6	138	Andere wichtige Wörter	Lernwortschatz	phrase	im Supermarkt	
6	138	Andere wichtige Wörter	Lernwortschatz	phrase	die Spezialität	
6	139	Vorlieben und Essen	Redemittel	sentence	Essen Sie gern …?	
6	139	Vorlieben und Essen	Redemittel	sentence	Trinken Sie gern …?	
6	139	Vorlieben und Essen	Redemittel	sentence	Isst du gern …?	
6	139	Vorlieben und Essen	Redemittel	sentence	Trinkst du gern …?	
6	139	Vorlieben und Essen	Redemittel	sentence	Was essen Sie gern?	
6	139	Vorlieben und Essen	Redemittel	sentence	Was isst du nicht gern?	
6	139	Vorlieben und Essen	Redemittel	sentence	Was trinken Sie gern?	
6	139	Vorlieben und Essen	Redemittel	sentence	Was trinkst du nicht gern?	
6	139	Vorlieben und Essen	Redemittel	sentence	Ja, sehr gern.	
6	139	Vorlieben und Essen	Redemittel	sentence	Nein, nicht so gern.	
6	139	Vorlieben und Essen	Redemittel	sentence	Ich esse gern …	
6	139	Vorlieben und Essen	Redemittel	sentence	Ich trinke nicht gern …	
6	139	Vorlieben und Essen	Redemittel	sentence	Ich mag … sehr gern.	
6	139	Vorlieben und Essen	Redemittel	sentence	Ich mag keinen …	
6	139	Vorlieben und Essen	Redemittel	phrase	Zum Frühstück esse ich …	
6	139	Vorlieben und Essen	Redemittel	phrase	Mittags mag ich …	
6	139	Vorlieben und Essen	Redemittel	sentence	Ich bin satt.	
6	139	Restaurant und Einkauf	Redemittel	sentence	Was möchten Sie bestellen?	
6	139	Restaurant und Einkauf	Redemittel	sentence	Was möchten Sie essen?	
6	139	Restaurant und Einkauf	Redemittel	sentence	Was möchten Sie trinken?	
6	139	Restaurant und Einkauf	Redemittel	sentence	Ich hätte gern …	
6	139	Restaurant und Einkauf	Redemittel	sentence	Ich möchte …	
6	139	Restaurant und Einkauf	Redemittel	sentence	Können Sie mir etwas empfehlen?	
6	139	Restaurant und Einkauf	Redemittel	sentence	Wir möchten bezahlen.	
6	139	Restaurant und Einkauf	Redemittel	sentence	Zusammen oder getrennt?	
6	139	Restaurant und Einkauf	Redemittel	sentence	Was darf es sein?	
6	139	Restaurant und Einkauf	Redemittel	sentence	Sonst noch etwas?	
6	139	Restaurant und Einkauf	Redemittel	sentence	Ist das alles?	
6	139	Restaurant und Einkauf	Redemittel	sentence	Das macht … Euro.	
6	139	Restaurant und Einkauf	Redemittel	sentence	Ich brauche …	
6	139	Restaurant und Einkauf	Redemittel	sentence	Ich nehme …	
6	139	Restaurant und Einkauf	Redemittel	sentence	Haben Sie …?	
6	139	Restaurant und Einkauf	Redemittel	sentence	Wie viel kostet …?	
6	139	Restaurant und Einkauf	Redemittel	sentence	Was kostet …?	
7	171	Oberteile	Lernwortschatz	phrase	das T-Shirt	Sumber mencantumkan der Rock juga pada Oberteile; klasifikasi perlu diperiksa
7	171	Oberteile	Lernwortschatz	phrase	das Hemd	Sumber mencantumkan der Rock juga pada Oberteile; klasifikasi perlu diperiksa
7	171	Oberteile	Lernwortschatz	phrase	die Bluse	Sumber mencantumkan der Rock juga pada Oberteile; klasifikasi perlu diperiksa
7	171	Oberteile	Lernwortschatz	phrase	der Blazer	Sumber mencantumkan der Rock juga pada Oberteile; klasifikasi perlu diperiksa
7	171	Oberteile	Lernwortschatz	phrase	der Cardigan	Sumber mencantumkan der Rock juga pada Oberteile; klasifikasi perlu diperiksa
7	171	Oberteile	Lernwortschatz	phrase	der Pullover / der Pulli	Sumber mencantumkan der Rock juga pada Oberteile; klasifikasi perlu diperiksa
7	171	Oberteile	Lernwortschatz	phrase	der Hoodie	Sumber mencantumkan der Rock juga pada Oberteile; klasifikasi perlu diperiksa
7	171	Oberteile	Lernwortschatz	phrase	das Sweatshirt	Sumber mencantumkan der Rock juga pada Oberteile; klasifikasi perlu diperiksa
7	171	Oberteile	Lernwortschatz	phrase	die Jacke	Sumber mencantumkan der Rock juga pada Oberteile; klasifikasi perlu diperiksa
7	171	Oberteile	Lernwortschatz	phrase	der Mantel	Sumber mencantumkan der Rock juga pada Oberteile; klasifikasi perlu diperiksa
7	171	Oberteile	Lernwortschatz	phrase	das Kleid	Sumber mencantumkan der Rock juga pada Oberteile; klasifikasi perlu diperiksa
7	171	Oberteile	Lernwortschatz	phrase	das Wildlederkleid	Sumber mencantumkan der Rock juga pada Oberteile; klasifikasi perlu diperiksa
7	171	Oberteile	Lernwortschatz	phrase	der Rock	Sumber mencantumkan der Rock juga pada Oberteile; klasifikasi perlu diperiksa
7	171	Oberteile	Lernwortschatz	phrase	das Dirndl	Sumber mencantumkan der Rock juga pada Oberteile; klasifikasi perlu diperiksa
7	171	Oberteile	Lernwortschatz	phrase	das Top	Sumber mencantumkan der Rock juga pada Oberteile; klasifikasi perlu diperiksa
7	171	Oberteile	Lernwortschatz	phrase	die Weste	Sumber mencantumkan der Rock juga pada Oberteile; klasifikasi perlu diperiksa
7	171	Oberteile	Lernwortschatz	phrase	das Langarmshirt	Sumber mencantumkan der Rock juga pada Oberteile; klasifikasi perlu diperiksa
7	171	Oberteile	Lernwortschatz	phrase	das Poloshirt	Sumber mencantumkan der Rock juga pada Oberteile; klasifikasi perlu diperiksa
7	171	Oberteile	Lernwortschatz	phrase	die Strickjacke	Sumber mencantumkan der Rock juga pada Oberteile; klasifikasi perlu diperiksa
7	171	Unterteile	Lernwortschatz	phrase	die Hose	
7	171	Unterteile	Lernwortschatz	phrase	die Jeans	
7	171	Unterteile	Lernwortschatz	phrase	der Rock	
7	171	Unterteile	Lernwortschatz	phrase	die kurze Hose	
7	171	Unterteile	Lernwortschatz	phrase	die Jogginghose	
7	171	Unterteile	Lernwortschatz	phrase	die Leggings	
7	171	Unterteile	Lernwortschatz	phrase	die Stoffhose	
7	171	Unterteile	Lernwortschatz	phrase	die Cargohose	
7	171	Unterteile	Lernwortschatz	phrase	die Caprihose	
7	171	Unterteile	Lernwortschatz	phrase	die Strumpfhose	
7	171	Unterteile	Lernwortschatz	phrase	die Lederhose	
7	171	Accessoires und Schuhe	Lernwortschatz	phrase	das Kopftuch	Sumber mencetak das Stecknadel; bentuk die Stecknadel dicatat sebagai koreksi ekstraksi yang perlu diverifikasi
7	171	Accessoires und Schuhe	Lernwortschatz	phrase	die Stecknadel	Sumber mencetak das Stecknadel; bentuk die Stecknadel dicatat sebagai koreksi ekstraksi yang perlu diverifikasi
7	171	Accessoires und Schuhe	Lernwortschatz	phrase	die Brosche	Sumber mencetak das Stecknadel; bentuk die Stecknadel dicatat sebagai koreksi ekstraksi yang perlu diverifikasi
7	171	Accessoires und Schuhe	Lernwortschatz	phrase	die Mütze	Sumber mencetak das Stecknadel; bentuk die Stecknadel dicatat sebagai koreksi ekstraksi yang perlu diverifikasi
7	171	Accessoires und Schuhe	Lernwortschatz	phrase	der Gürtel	Sumber mencetak das Stecknadel; bentuk die Stecknadel dicatat sebagai koreksi ekstraksi yang perlu diverifikasi
7	171	Accessoires und Schuhe	Lernwortschatz	phrase	der Hut	Sumber mencetak das Stecknadel; bentuk die Stecknadel dicatat sebagai koreksi ekstraksi yang perlu diverifikasi
7	171	Accessoires und Schuhe	Lernwortschatz	phrase	der Schal	Sumber mencetak das Stecknadel; bentuk die Stecknadel dicatat sebagai koreksi ekstraksi yang perlu diverifikasi
7	171	Accessoires und Schuhe	Lernwortschatz	phrase	die Handschuhe	Sumber mencetak das Stecknadel; bentuk die Stecknadel dicatat sebagai koreksi ekstraksi yang perlu diverifikasi
7	171	Accessoires und Schuhe	Lernwortschatz	phrase	die Krawatte	Sumber mencetak das Stecknadel; bentuk die Stecknadel dicatat sebagai koreksi ekstraksi yang perlu diverifikasi
7	171	Accessoires und Schuhe	Lernwortschatz	phrase	die Brille	Sumber mencetak das Stecknadel; bentuk die Stecknadel dicatat sebagai koreksi ekstraksi yang perlu diverifikasi
7	171	Accessoires und Schuhe	Lernwortschatz	phrase	die Sonnenbrille	Sumber mencetak das Stecknadel; bentuk die Stecknadel dicatat sebagai koreksi ekstraksi yang perlu diverifikasi
7	171	Accessoires und Schuhe	Lernwortschatz	phrase	die Armbanduhr	Sumber mencetak das Stecknadel; bentuk die Stecknadel dicatat sebagai koreksi ekstraksi yang perlu diverifikasi
7	171	Accessoires und Schuhe	Lernwortschatz	phrase	der Schmuck	Sumber mencetak das Stecknadel; bentuk die Stecknadel dicatat sebagai koreksi ekstraksi yang perlu diverifikasi
7	171	Accessoires und Schuhe	Lernwortschatz	phrase	die Kette	Sumber mencetak das Stecknadel; bentuk die Stecknadel dicatat sebagai koreksi ekstraksi yang perlu diverifikasi
7	171	Accessoires und Schuhe	Lernwortschatz	phrase	der Ring	Sumber mencetak das Stecknadel; bentuk die Stecknadel dicatat sebagai koreksi ekstraksi yang perlu diverifikasi
7	171	Accessoires und Schuhe	Lernwortschatz	phrase	das Armband	Sumber mencetak das Stecknadel; bentuk die Stecknadel dicatat sebagai koreksi ekstraksi yang perlu diverifikasi
7	171	Accessoires und Schuhe	Lernwortschatz	phrase	die Ohrringe	Sumber mencetak das Stecknadel; bentuk die Stecknadel dicatat sebagai koreksi ekstraksi yang perlu diverifikasi
7	171	Accessoires und Schuhe	Lernwortschatz	phrase	die Schuhe	Sumber mencetak das Stecknadel; bentuk die Stecknadel dicatat sebagai koreksi ekstraksi yang perlu diverifikasi
7	171	Accessoires und Schuhe	Lernwortschatz	phrase	die Sandalen	Sumber mencetak das Stecknadel; bentuk die Stecknadel dicatat sebagai koreksi ekstraksi yang perlu diverifikasi
7	171	Accessoires und Schuhe	Lernwortschatz	phrase	die Stiefel	Sumber mencetak das Stecknadel; bentuk die Stecknadel dicatat sebagai koreksi ekstraksi yang perlu diverifikasi
7	171	Accessoires und Schuhe	Lernwortschatz	phrase	die Schnürstiefel	Sumber mencetak das Stecknadel; bentuk die Stecknadel dicatat sebagai koreksi ekstraksi yang perlu diverifikasi
7	171	Accessoires und Schuhe	Lernwortschatz	phrase	die Stiefeletten	Sumber mencetak das Stecknadel; bentuk die Stecknadel dicatat sebagai koreksi ekstraksi yang perlu diverifikasi
7	171	Accessoires und Schuhe	Lernwortschatz	phrase	die Turnschuhe	Sumber mencetak das Stecknadel; bentuk die Stecknadel dicatat sebagai koreksi ekstraksi yang perlu diverifikasi
7	171	Accessoires und Schuhe	Lernwortschatz	phrase	die Hausschuhe	Sumber mencetak das Stecknadel; bentuk die Stecknadel dicatat sebagai koreksi ekstraksi yang perlu diverifikasi
7	171	Accessoires und Schuhe	Lernwortschatz	phrase	der Rucksack	Sumber mencetak das Stecknadel; bentuk die Stecknadel dicatat sebagai koreksi ekstraksi yang perlu diverifikasi
7	171	Accessoires und Schuhe	Lernwortschatz	phrase	die Tasche	Sumber mencetak das Stecknadel; bentuk die Stecknadel dicatat sebagai koreksi ekstraksi yang perlu diverifikasi
7	171	Accessoires und Schuhe	Lernwortschatz	phrase	das Tuch	Sumber mencetak das Stecknadel; bentuk die Stecknadel dicatat sebagai koreksi ekstraksi yang perlu diverifikasi
7	171	Accessoires und Schuhe	Lernwortschatz	phrase	der Reißverschluss	Sumber mencetak das Stecknadel; bentuk die Stecknadel dicatat sebagai koreksi ekstraksi yang perlu diverifikasi
7	171	Unterwäsche und Schlafkleidung	Lernwortschatz	phrase	die Unterhose	
7	171	Unterwäsche und Schlafkleidung	Lernwortschatz	phrase	die Boxershorts	
7	171	Unterwäsche und Schlafkleidung	Lernwortschatz	phrase	das Unterhemd	
7	171	Unterwäsche und Schlafkleidung	Lernwortschatz	phrase	der Pyjama / der Schlafanzug	
7	171	Unterwäsche und Schlafkleidung	Lernwortschatz	phrase	der BH / der Büstenhalter	
7	171	Unterwäsche und Schlafkleidung	Lernwortschatz	phrase	das Nachthemd	
7	171	Unterwäsche und Schlafkleidung	Lernwortschatz	phrase	die Schlafhose	
7	171	Unterwäsche und Schlafkleidung	Lernwortschatz	phrase	die Haussocken	
7	172	Farben	Lernwortschatz	word	rot	
7	172	Farben	Lernwortschatz	word	rosarot	
7	172	Farben	Lernwortschatz	word	dunkelrot	
7	172	Farben	Lernwortschatz	word	blau	
7	172	Farben	Lernwortschatz	word	hellblau	
7	172	Farben	Lernwortschatz	word	gelb	
7	172	Farben	Lernwortschatz	word	grün	
7	172	Farben	Lernwortschatz	word	dunkelgrün	
7	172	Farben	Lernwortschatz	word	orange	
7	172	Farben	Lernwortschatz	word	lila	
7	172	Farben	Lernwortschatz	word	rosa	
7	172	Farben	Lernwortschatz	word	braun	
7	172	Farben	Lernwortschatz	word	schwarz	
7	172	Farben	Lernwortschatz	word	weiß	
7	172	Farben	Lernwortschatz	word	grau	
7	172	Farben	Lernwortschatz	word	hellgrau	
7	172	Farben	Lernwortschatz	word	beige	
7	172	Farben	Lernwortschatz	word	bunt	
7	172	Saison und Festzeiten	Lernwortschatz	phrase	der Winter	
7	172	Saison und Festzeiten	Lernwortschatz	phrase	der Herbst	
7	172	Saison und Festzeiten	Lernwortschatz	phrase	der Frühling	
7	172	Saison und Festzeiten	Lernwortschatz	phrase	der Sommer	
7	172	Saison und Festzeiten	Lernwortschatz	phrase	die Regenzeit	
7	172	Saison und Festzeiten	Lernwortschatz	phrase	die Trockenzeit	
7	172	Saison und Festzeiten	Lernwortschatz	phrase	das Oktoberfest	
7	172	Adjektive	Lernwortschatz	word	nützlich	
7	172	Adjektive	Lernwortschatz	word	nutzlos	
7	172	Adjektive	Lernwortschatz	word	dünn	
7	172	Adjektive	Lernwortschatz	word	dick	
7	172	Adjektive	Lernwortschatz	word	gut	
7	172	Adjektive	Lernwortschatz	word	schlecht	
7	172	Adjektive	Lernwortschatz	word	bequem	
7	172	Adjektive	Lernwortschatz	word	unbequem	
7	172	Adjektive	Lernwortschatz	word	schön	
7	172	Adjektive	Lernwortschatz	word	hässlich	
7	172	Adjektive	Lernwortschatz	word	kurz	
7	172	Adjektive	Lernwortschatz	word	lang	
7	172	Adjektive	Lernwortschatz	word	warm	
7	172	Adjektive	Lernwortschatz	word	kalt	
7	172	Adjektive	Lernwortschatz	word	traditionell	
7	172	Adjektive	Lernwortschatz	word	modern	
7	172	Adjektive	Lernwortschatz	word	speziell	
7	172	Adjektive	Lernwortschatz	word	allgemein	
7	172	Adjektive	Lernwortschatz	word	neu	
7	172	Adjektive	Lernwortschatz	word	alt	
7	172	Adjektive	Lernwortschatz	word	groß	
7	172	Adjektive	Lernwortschatz	word	klein	
7	172	Adjektive	Lernwortschatz	word	teuer	
7	172	Adjektive	Lernwortschatz	word	billig	
7	172	Adjektive	Lernwortschatz	word	bunt	
7	172	Adjektive	Lernwortschatz	word	einfarbig	
7	172	Adjektive	Lernwortschatz	word	schick	
7	172	Adjektive	Lernwortschatz	word	unschick	
7	172	Adjektive	Lernwortschatz	word	nass	
7	172	Adjektive	Lernwortschatz	word	trocken	
7	173	Kleiderkauf	Redemittel	sentence	Kann ich Ihnen helfen?	
7	173	Kleiderkauf	Redemittel	sentence	Ich suche ein Paar Schuhe.	
7	173	Kleiderkauf	Redemittel	sentence	Ich hätte gern einen Schal.	
7	173	Kleiderkauf	Redemittel	sentence	Wo finde ich …?	
7	173	Kleiderkauf	Redemittel	sentence	Wo gibt es …?	
7	173	Kleiderkauf	Redemittel	sentence	Welche Größe tragen Sie?	
7	173	Kleiderkauf	Redemittel	sentence	Welche Farbe möchten Sie?	
7	173	Kleiderkauf	Redemittel	sentence	Haben Sie das in Größe …?	
7	173	Kleiderkauf	Redemittel	sentence	Haben Sie das in Blau?	
7	173	Kleiderkauf	Redemittel	sentence	Wollen Sie das anprobieren?	
7	173	Kleiderkauf	Redemittel	sentence	Kann ich das anprobieren?	
7	173	Kleiderkauf	Redemittel	sentence	Wie steht mir das?	
7	173	Kleiderkauf	Redemittel	sentence	Das steht mir nicht.	
7	173	Kleiderkauf	Redemittel	sentence	Das passt nicht.	
7	173	Kleiderkauf	Redemittel	sentence	Das ist mir zu klein.	
7	173	Kleiderkauf	Redemittel	sentence	Das ist mir zu eng.	
7	173	Kleiderkauf	Redemittel	sentence	Das ist mir zu groß.	
7	173	Kleiderkauf	Redemittel	sentence	Wie viel kostet …?	
7	173	Kleiderkauf	Redemittel	sentence	Das ist zu teuer!	
7	173	Kleiderkauf	Redemittel	sentence	Ich nehme das Hemd.	
7	173	Kleiderkauf	Redemittel	sentence	Tut mir leid, das haben wir nicht.	
8	189	Adjektive	Lernwortschatz	word	warm	
8	189	Adjektive	Lernwortschatz	word	kalt	
8	189	Adjektive	Lernwortschatz	word	gut	
8	189	Adjektive	Lernwortschatz	word	schlecht	
8	189	Adjektive	Lernwortschatz	word	kurz	
8	189	Medikamente und Hausmittel	Lernwortschatz	phrase	die Salbe	
8	189	Medikamente und Hausmittel	Lernwortschatz	phrase	der Hustensaft	
8	189	Medikamente und Hausmittel	Lernwortschatz	phrase	das Pflaster	
8	189	Medikamente und Hausmittel	Lernwortschatz	phrase	die Tropfen	
8	189	Medikamente und Hausmittel	Lernwortschatz	phrase	die Tablette	
8	189	Medikamente und Hausmittel	Lernwortschatz	phrase	die Nelke	
8	189	Medikamente und Hausmittel	Lernwortschatz	phrase	der Honig	
8	189	Körperteile	Lernwortschatz	phrase	der Mund	
8	189	Körperteile	Lernwortschatz	phrase	die Nase	
8	189	Körperteile	Lernwortschatz	phrase	der Arm	
8	189	Körperteile	Lernwortschatz	phrase	der Bauch	
8	189	Körperteile	Lernwortschatz	phrase	die Brust	
8	189	Körperteile	Lernwortschatz	phrase	der Ellbogen	
8	189	Körperteile	Lernwortschatz	phrase	der Fuß	
8	189	Körperteile	Lernwortschatz	phrase	der Hals	
8	189	Körperteile	Lernwortschatz	phrase	das Herz	
8	189	Körperteile	Lernwortschatz	phrase	die Hand	
8	189	Körperteile	Lernwortschatz	phrase	der Kopf	
8	189	Beim Arzt	Lernwortschatz	phrase	der Unfall	
8	189	Beim Arzt	Lernwortschatz	phrase	der Husten	
8	189	Beim Arzt	Lernwortschatz	phrase	der Schnupfen	
8	189	Beim Arzt	Lernwortschatz	phrase	der Zahnarzt	
8	189	Beim Arzt	Lernwortschatz	phrase	der Apotheker	
8	189	Beim Arzt	Lernwortschatz	phrase	der Arzthelfer	
8	189	Beim Arzt	Lernwortschatz	phrase	das Krankenhaus	
8	189	Beim Arzt	Lernwortschatz	phrase	der Notarzt	
8	189	Beim Arzt	Lernwortschatz	phrase	die Apotheke	
8	189	Beim Arzt	Lernwortschatz	phrase	das Medikament	
8	189	Beim Arzt	Lernwortschatz	phrase	die Bauchschmerzen	
8	189	Beim Arzt	Lernwortschatz	phrase	die Rückenschmerzen	
8	189	Beim Arzt	Lernwortschatz	phrase	der Schmerz	
8	189	Beim Arzt	Lernwortschatz	phrase	die Kopfschmerzen	
8	189	Beim Arzt	Lernwortschatz	phrase	der Tipp	
8	189	Beim Arzt	Lernwortschatz	phrase	die Krankenschwester	
8	189	Beim Arzt	Lernwortschatz	phrase	der Physiotherapeut	
8	189	Beim Arzt	Lernwortschatz	sentence	Aua!	
8	189	Beim Arzt	Lernwortschatz	word	wehtun	
8	189	Beim Arzt	Lernwortschatz	phrase	das Halsweh	
8	189	Beim Arzt	Lernwortschatz	phrase	das Mittel	
8	190	Arzt und Apotheke	Redemittel	sentence	Was fehlt Ihnen?	
8	190	Arzt und Apotheke	Redemittel	sentence	Wo haben Sie Schmerzen?	
8	190	Arzt und Apotheke	Redemittel	sentence	Tut das weh?	
8	190	Arzt und Apotheke	Redemittel	sentence	Haben Sie Kopfschmerzen?	
8	190	Arzt und Apotheke	Redemittel	sentence	Ich schreibe Ihnen ein Rezept.	
8	190	Arzt und Apotheke	Redemittel	sentence	Ich fühle mich nicht gut.	
8	190	Arzt und Apotheke	Redemittel	sentence	Mir geht es nicht gut.	
8	190	Arzt und Apotheke	Redemittel	sentence	Ich habe Bauchschmerzen.	
8	190	Arzt und Apotheke	Redemittel	sentence	Mein Arm tut weh.	
8	190	Arzt und Apotheke	Redemittel	sentence	Wie oft soll ich die Medikamente nehmen?	
8	190	Arzt und Apotheke	Redemittel	sentence	Wann soll ich die Medikamente nehmen?	
8	190	Arzt und Apotheke	Redemittel	sentence	Darf ich rauchen?	
8	190	Arzt und Apotheke	Redemittel	sentence	Wann darf ich wieder Sport machen?	
8	190	Arzt und Apotheke	Redemittel	sentence	Wie lange muss ich im Bett bleiben?	
8	190	Arzt und Apotheke	Redemittel	sentence	Ich brauche eine Krankenschreibung.	
8	190	Arzt und Apotheke	Redemittel	sentence	Trinken Sie viel Wasser!	
8	190	Arzt und Apotheke	Redemittel	sentence	Nehmen Sie die Tablette nach dem Essen!	
8	190	Arzt und Apotheke	Redemittel	sentence	Schlafen Sie viel!	
9	204	Freizeitverben und Perfekt	Lernwortschatz	phrase	schwimmen – ist geschwommen	
9	204	Freizeitverben und Perfekt	Lernwortschatz	phrase	Fußball spielen – hat Fußball gespielt	
9	204	Freizeitverben und Perfekt	Lernwortschatz	phrase	kochen – hat gekocht	
9	204	Freizeitverben und Perfekt	Lernwortschatz	phrase	Musik hören – hat Musik gehört	
9	204	Freizeitverben und Perfekt	Lernwortschatz	phrase	tanzen – hat getanzt	
9	204	Freizeitverben und Perfekt	Lernwortschatz	phrase	Fahrrad fahren – ist Fahrrad gefahren	
9	204	Freizeitverben und Perfekt	Lernwortschatz	phrase	lesen – hat gelesen	
9	204	Freizeitverben und Perfekt	Lernwortschatz	phrase	fotografieren – hat fotografiert	
9	204	Freizeitverben und Perfekt	Lernwortschatz	phrase	singen – hat gesungen	
9	204	Freizeitverben und Perfekt	Lernwortschatz	phrase	malen – hat gemalt	
9	204	Freizeitverben und Perfekt	Lernwortschatz	phrase	reisen – ist gereist	
9	204	Freizeitverben und Perfekt	Lernwortschatz	phrase	machen – hat gemacht	
9	204	Freizeitverben und Perfekt	Lernwortschatz	phrase	joggen – hat gejoggt	
9	204	Freizeitverben und Perfekt	Lernwortschatz	phrase	backen – hat gebacken	
9	204	Freizeitverben und Perfekt	Lernwortschatz	phrase	reden – hat geredet	
9	204	Freizeitverben und Perfekt	Lernwortschatz	phrase	sprechen – hat gesprochen	
9	204	Freizeitverben und Perfekt	Lernwortschatz	phrase	schmecken – hat geschmeckt	
9	204	Freizeitverben und Perfekt	Lernwortschatz	phrase	anrufen – hat angerufen	
9	204	Freizeitverben und Perfekt	Lernwortschatz	phrase	antworten – hat geantwortet	
9	204	Freizeitverben und Perfekt	Lernwortschatz	phrase	lernen – hat gelernt	
9	204	Freizeitverben und Perfekt	Lernwortschatz	phrase	bekommen – hat bekommen	
9	204	Freizeitverben und Perfekt	Lernwortschatz	phrase	ansehen – hat angesehen	
9	204	Freizeitverben und Perfekt	Lernwortschatz	phrase	aussehen – hat ausgesehen	
9	204	Freizeitverben und Perfekt	Lernwortschatz	phrase	empfehlen – hat empfohlen	
9	204	Freizeitverben und Perfekt	Lernwortschatz	phrase	erzählen – hat erzählt	
9	204	Freizeitverben und Perfekt	Lernwortschatz	phrase	entdecken – hat entdeckt	
9	204	Freizeitverben und Perfekt	Lernwortschatz	phrase	verstehen – hat verstanden	
9	204	Freizeitverben und Perfekt	Lernwortschatz	phrase	aufstehen – ist aufgestanden	
9	204	Freizeitverben und Perfekt	Lernwortschatz	phrase	mitkommen – ist mitgekommen	
9	204	Freizeitverben und Perfekt	Lernwortschatz	phrase	ankommen – ist angekommen	
9	204	Freizeitverben und Perfekt	Lernwortschatz	phrase	lachen – hat gelacht	
9	204	Freizeitverben und Perfekt	Lernwortschatz	phrase	genießen – hat genossen	
9	204	Freizeitverben und Perfekt	Lernwortschatz	phrase	umtauschen – hat umgetauscht	
9	204	Nomen	Lernwortschatz	phrase	die Freizeit	
9	204	Nomen	Lernwortschatz	phrase	das Hobby	
9	204	Nomen	Lernwortschatz	phrase	der Freund	
9	204	Nomen	Lernwortschatz	phrase	die Freundin	
9	204	Nomen	Lernwortschatz	phrase	die Familie	
9	204	Nomen	Lernwortschatz	phrase	die Stadt	
9	204	Nomen	Lernwortschatz	phrase	die Schule	
9	204	Nomen	Lernwortschatz	phrase	das Wochenende	
9	204	Nomen	Lernwortschatz	phrase	das Stadion	
9	204	Nomen	Lernwortschatz	phrase	der Vater	
9	204	Nomen	Lernwortschatz	phrase	die Mutter	
9	204	Nomen	Lernwortschatz	phrase	der Freitag	
9	204	Nomen	Lernwortschatz	phrase	die Kirche	
9	204	Nomen	Lernwortschatz	phrase	der Bahnhof	
9	204	Nomen	Lernwortschatz	phrase	die Schwester	
9	204	Nomen	Lernwortschatz	phrase	die Großeltern	
9	204	Nomen	Lernwortschatz	phrase	die Katze	
9	204	Nomen	Lernwortschatz	phrase	die Nachbarn	
9	204	Nomen	Lernwortschatz	phrase	der Chef	
9	204	Nomen	Lernwortschatz	phrase	der Hund	
9	204	Nomen	Lernwortschatz	phrase	das Restaurant	
9	204	Nomen	Lernwortschatz	phrase	der Samstag	
9	205	Orte und Erlebnisse	Lernwortschatz	phrase	das Museum	
9	205	Orte und Erlebnisse	Lernwortschatz	phrase	das Bild	
9	205	Orte und Erlebnisse	Lernwortschatz	phrase	das Foto	
9	205	Orte und Erlebnisse	Lernwortschatz	phrase	die Altstadt	
9	205	Orte und Erlebnisse	Lernwortschatz	phrase	der Ausflug	
9	205	Orte und Erlebnisse	Lernwortschatz	phrase	das Schloss	
9	205	Orte und Erlebnisse	Lernwortschatz	phrase	die Brücke	
9	205	Orte und Erlebnisse	Lernwortschatz	phrase	die Sehenswürdigkeiten	
9	205	Orte und Erlebnisse	Lernwortschatz	phrase	ins Stadion gehen	
9	205	Orte und Erlebnisse	Lernwortschatz	phrase	im Stadion	
9	205	Orte und Erlebnisse	Lernwortschatz	phrase	zum Yoga gehen	
9	205	Orte und Erlebnisse	Lernwortschatz	phrase	ins Café gehen	
9	205	Orte und Erlebnisse	Lernwortschatz	phrase	nach Hause	
9	205	Orte und Erlebnisse	Lernwortschatz	phrase	im Stadtmuseum	
9	205	Orte und Erlebnisse	Lernwortschatz	phrase	ins Bett gehen	
9	205	Orte und Erlebnisse	Lernwortschatz	phrase	zu Hause	
9	205	Orte und Erlebnisse	Lernwortschatz	word	unterwegs	
9	205	Adjektive und Angaben	Lernwortschatz	word	super	
9	205	Adjektive und Angaben	Lernwortschatz	word	neu	
9	205	Adjektive und Angaben	Lernwortschatz	phrase	sehr gut	
9	205	Adjektive und Angaben	Lernwortschatz	word	spät	
9	205	Adjektive und Angaben	Lernwortschatz	word	müde	
9	205	Adjektive und Angaben	Lernwortschatz	word	toll	
9	205	Adjektive und Angaben	Lernwortschatz	word	aktiv	
9	205	Adjektive und Angaben	Lernwortschatz	word	außerhalb	
9	205	Adjektive und Angaben	Lernwortschatz	word	sauber	
9	205	Adjektive und Angaben	Lernwortschatz	word	günstig	
9	205	Adjektive und Angaben	Lernwortschatz	word	lustig	
9	205	Adjektive und Angaben	Lernwortschatz	word	oft	
9	205	Adjektive und Angaben	Lernwortschatz	word	manchmal	
9	205	Adjektive und Angaben	Lernwortschatz	word	gemeinsam	
9	205	Zeitangaben	Lernwortschatz	phrase	jeden Tag	
9	205	Zeitangaben	Lernwortschatz	word	gestern	
9	205	Zeitangaben	Lernwortschatz	phrase	letztes Wochenende	
9	205	Zeitangaben	Lernwortschatz	phrase	vor zwei Tagen	
9	205	Zeitangaben	Lernwortschatz	word	vorgestern	
9	205	Zeitangaben	Lernwortschatz	phrase	letzten Monat	
9	206	Freizeit und Erlebnisse	Redemittel	sentence	Was machen Sie gern?	
9	206	Freizeit und Erlebnisse	Redemittel	sentence	Was machst du gern?	
9	206	Freizeit und Erlebnisse	Redemittel	sentence	Was machen Sie in Ihrer Freizeit?	
9	206	Freizeit und Erlebnisse	Redemittel	sentence	Was machst du in deiner Freizeit?	
9	206	Freizeit und Erlebnisse	Redemittel	sentence	Hast du ein Hobby?	
9	206	Freizeit und Erlebnisse	Redemittel	phrase	Mein Hobby ist …	
9	206	Freizeit und Erlebnisse	Redemittel	phrase	Meine Hobbys sind …	
9	206	Freizeit und Erlebnisse	Redemittel	sentence	Ich lese gern Bücher.	
9	206	Freizeit und Erlebnisse	Redemittel	sentence	Ich gehe gern spazieren.	
9	206	Freizeit und Erlebnisse	Redemittel	sentence	Gehst du gern ins Kino?	
9	206	Freizeit und Erlebnisse	Redemittel	sentence	Ja, gern.	
9	206	Freizeit und Erlebnisse	Redemittel	sentence	Nein, nicht so gern.	
9	206	Freizeit und Erlebnisse	Redemittel	sentence	Es geht so.	
9	206	Freizeit und Erlebnisse	Redemittel	sentence	Was hast du letztes Wochenende gemacht?	
9	206	Freizeit und Erlebnisse	Redemittel	sentence	Ich habe Freunde besucht.	
9	206	Freizeit und Erlebnisse	Redemittel	sentence	Erzähl mir von deinem letzten Urlaub!	
9	206	Freizeit und Erlebnisse	Redemittel	sentence	Was machst du heute mit deinen Freunden?	
9	206	Freizeit und Erlebnisse	Redemittel	sentence	Wir treffen uns um … Uhr.	
10	225	Reisevorbereitungen	Lernwortschatz	phrase	der Koffer	
10	225	Reisevorbereitungen	Lernwortschatz	word	packen	
10	225	Reisevorbereitungen	Lernwortschatz	phrase	der Schlafanzug	
10	225	Reisevorbereitungen	Lernwortschatz	phrase	der Badeanzug	
10	225	Reisevorbereitungen	Lernwortschatz	phrase	die Regenhose	
10	225	Reisevorbereitungen	Lernwortschatz	phrase	die Turnschuhe	
10	225	Reisevorbereitungen	Lernwortschatz	phrase	die Handtasche	
10	225	Reisevorbereitungen	Lernwortschatz	phrase	die Sonnenbrille	
10	225	Reisevorbereitungen	Lernwortschatz	phrase	der Regenschirm	
10	225	Reisevorbereitungen	Lernwortschatz	phrase	die Snacks	
10	225	Reisevorbereitungen	Lernwortschatz	word	buchen	
10	225	Reisevorbereitungen	Lernwortschatz	phrase	eine Reise machen	
10	225	Reisevorbereitungen	Lernwortschatz	phrase	den Koffer packen	
10	225	Reisevorbereitungen	Lernwortschatz	phrase	sich vorbereiten	
10	225	Reiseziele und Verkehrsmittel	Lernwortschatz	phrase	nach Wien fahren	
10	225	Reiseziele und Verkehrsmittel	Lernwortschatz	word	campen	
10	225	Reiseziele und Verkehrsmittel	Lernwortschatz	phrase	das Wohnmobil	
10	225	Reiseziele und Verkehrsmittel	Lernwortschatz	phrase	das Zelt	
10	225	Reiseziele und Verkehrsmittel	Lernwortschatz	phrase	die Rückfahrt	
10	225	Reiseziele und Verkehrsmittel	Lernwortschatz	phrase	die U-Bahn	
10	225	Reiseziele und Verkehrsmittel	Lernwortschatz	phrase	die Haltestelle	
10	225	Reiseziele und Verkehrsmittel	Lernwortschatz	phrase	der Hauptbahnhof	
10	225	Reiseziele und Verkehrsmittel	Lernwortschatz	phrase	das Lagerfeuer	
10	225	Reiseziele und Verkehrsmittel	Lernwortschatz	phrase	die Fahrradtour	
10	225	Reiseziele und Verkehrsmittel	Lernwortschatz	phrase	der See	
10	225	Reiseziele und Verkehrsmittel	Lernwortschatz	phrase	die Berge	
10	225	Reiseziele und Verkehrsmittel	Lernwortschatz	phrase	mit dem Zug fahren	
10	225	Reiseziele und Verkehrsmittel	Lernwortschatz	phrase	mit dem Auto fahren	
10	225	Reiseziele und Verkehrsmittel	Lernwortschatz	phrase	mit dem Bus fahren	
10	225	Reiseziele und Verkehrsmittel	Lernwortschatz	phrase	zu Fuß gehen	
10	225	Reiseziele und Verkehrsmittel	Lernwortschatz	word	aussteigen	
10	225	Reiseziele und Verkehrsmittel	Lernwortschatz	phrase	der Gasthof	
10	225	Reiseziele und Verkehrsmittel	Lernwortschatz	phrase	die Spezialität	
10	225	Reiseziele und Verkehrsmittel	Lernwortschatz	phrase	die Berliner Mauer	
10	225	Reiseziele und Verkehrsmittel	Lernwortschatz	phrase	der Kölner Dom	
10	225	Reiseziele und Verkehrsmittel	Lernwortschatz	phrase	der Tourist	
10	225	Reiseziele und Verkehrsmittel	Lernwortschatz	phrase	der Rhein	
10	225	Reiseziele und Verkehrsmittel	Lernwortschatz	phrase	der Fluss	
10	225	Reiseziele und Verkehrsmittel	Lernwortschatz	phrase	das Eis	
10	225	Reiseziele und Verkehrsmittel	Lernwortschatz	phrase	das Bier	
10	225	Reiseziele und Verkehrsmittel	Lernwortschatz	phrase	die Currywurst	
10	225	Reiseziele und Verkehrsmittel	Lernwortschatz	phrase	die Kunst	
10	225	Wetter	Lernwortschatz	phrase	das Wetter	
10	225	Wetter	Lernwortschatz	word	sonnig	
10	225	Wetter	Lernwortschatz	word	regnen	
10	225	Wetter	Lernwortschatz	word	heiß	
10	225	Wetter	Lernwortschatz	sentence	Es hat plötzlich geregnet.	
10	225	Städtereise und Aktivitäten	Lernwortschatz	phrase	das Schloss besuchen	
10	225	Städtereise und Aktivitäten	Lernwortschatz	phrase	die Altstadt besichtigen	
10	225	Städtereise und Aktivitäten	Lernwortschatz	phrase	ein Museum besuchen	
10	225	Städtereise und Aktivitäten	Lernwortschatz	phrase	eine Stadtführung machen	
10	225	Städtereise und Aktivitäten	Lernwortschatz	phrase	ins Theater gehen	
10	225	Städtereise und Aktivitäten	Lernwortschatz	phrase	Souvenirs kaufen	
10	225	Städtereise und Aktivitäten	Lernwortschatz	phrase	Spezialitäten probieren	
10	225	Städtereise und Aktivitäten	Lernwortschatz	phrase	einen Apfelstrudel essen	
10	225	Städtereise und Aktivitäten	Lernwortschatz	phrase	Riesenrad fahren	
10	225	Städtereise und Aktivitäten	Lernwortschatz	phrase	einen Spaziergang machen	
10	225	Städtereise und Aktivitäten	Lernwortschatz	phrase	Sehenswürdigkeiten sehen	
10	225	Städtereise und Aktivitäten	Lernwortschatz	phrase	Musik hören	
10	225	Städtereise und Aktivitäten	Lernwortschatz	word	grillen	
10	225	Städtereise und Aktivitäten	Lernwortschatz	word	kochen	
10	225	Städtereise und Aktivitäten	Lernwortschatz	phrase	sich verfahren	
10	225-226	Orientierung in der Stadt	Lernwortschatz	phrase	der Stadtplan	
10	225-226	Orientierung in der Stadt	Lernwortschatz	phrase	die Straße	
10	225-226	Orientierung in der Stadt	Lernwortschatz	phrase	die Kreuzung	
10	225-226	Orientierung in der Stadt	Lernwortschatz	phrase	die Ampel	
10	225-226	Orientierung in der Stadt	Lernwortschatz	phrase	die Ecke	
10	225-226	Orientierung in der Stadt	Lernwortschatz	phrase	der Platz	
10	225-226	Orientierung in der Stadt	Lernwortschatz	phrase	das Hotel	
10	225-226	Orientierung in der Stadt	Lernwortschatz	phrase	die Bank	
10	225-226	Orientierung in der Stadt	Lernwortschatz	phrase	die Bäckerei	
10	225-226	Orientierung in der Stadt	Lernwortschatz	phrase	das Café	
10	225-226	Orientierung in der Stadt	Lernwortschatz	phrase	die Post	
10	225-226	Orientierung in der Stadt	Lernwortschatz	phrase	der Bahnhof	
10	225-226	Orientierung in der Stadt	Lernwortschatz	phrase	der Kiosk	
10	225-226	Orientierung in der Stadt	Lernwortschatz	word	fragen	
10	225-226	Orientierung in der Stadt	Lernwortschatz	word	zeigen	
10	225-226	Orientierung in der Stadt	Lernwortschatz	word	suchen	
10	226	Reiseberichte und Postkarte	Lernwortschatz	sentence	Ich war letzten Sommer in …	
10	226	Reiseberichte und Postkarte	Lernwortschatz	sentence	Die Stadt hat mir sehr gut gefallen.	
10	226	Reiseberichte und Postkarte	Lernwortschatz	sentence	Ich bin viel zu Fuß gegangen.	
10	226	Reiseberichte und Postkarte	Lernwortschatz	sentence	Ich habe mich verfahren.	
10	226	Reiseberichte und Postkarte	Lernwortschatz	sentence	Eine nette Frau hat mir geholfen.	
10	226	Reiseberichte und Postkarte	Lernwortschatz	sentence	Das Wetter war meistens sonnig.	
10	226	Reiseberichte und Postkarte	Lernwortschatz	sentence	Ich habe Brezen gegessen.	
10	226	Reiseberichte und Postkarte	Lernwortschatz	phrase	das Lagerfeuer	
10	226	Reiseberichte und Postkarte	Lernwortschatz	phrase	die Aussicht	
10	226	Reiseberichte und Postkarte	Lernwortschatz	sentence	Herzliche Grüße aus …	
10	226	Reiseberichte und Postkarte	Lernwortschatz	sentence	Es ist sehr schön hier.	
10	226	Reiseberichte und Postkarte	Lernwortschatz	sentence	Ich habe … besucht.	
10	226	Reiseberichte und Postkarte	Lernwortschatz	sentence	Ich habe viel erlebt.	
10	226	Reiseberichte und Postkarte	Lernwortschatz	sentence	Ich möchte … wieder besuchen.	
10	227	Urlaub planen und Orientierung	Redemittel	sentence	Entschuldigung, könnten Sie mir helfen?	
10	227	Urlaub planen und Orientierung	Redemittel	sentence	Ich suche den Bahnhof.	
10	227	Urlaub planen und Orientierung	Redemittel	sentence	Wo ist bitte …?	
10	227	Urlaub planen und Orientierung	Redemittel	sentence	Wie komme ich zu …?	
10	227	Urlaub planen und Orientierung	Redemittel	sentence	Gehen Sie rechts.	
10	227	Urlaub planen und Orientierung	Redemittel	sentence	Gehen Sie links.	
10	227	Urlaub planen und Orientierung	Redemittel	sentence	Gehen Sie geradeaus.	
10	227	Urlaub planen und Orientierung	Redemittel	sentence	An der Haltestelle steigt man ein.	
10	227	Urlaub planen und Orientierung	Redemittel	sentence	Man steigt an der Haltestelle um.	
10	227	Urlaub planen und Orientierung	Redemittel	sentence	Man steigt am … Platz aus.	
10	227	Urlaub planen und Orientierung	Redemittel	sentence	Nehmen Sie die erste Straße rechts.	
10	227	Urlaub planen und Orientierung	Redemittel	sentence	Nehmen Sie die zweite Straße links.	
10	227	Urlaub planen und Orientierung	Redemittel	sentence	Ja, genau.	
10	227	Urlaub planen und Orientierung	Redemittel	sentence	Vielen Dank.	
10	227	Urlaub planen und Orientierung	Redemittel	sentence	Bitte, gern.	
10	227	Postkarte schreiben	Redemittel	phrase	Hallo …	
10	227	Postkarte schreiben	Redemittel	phrase	Liebe …	
10	227	Postkarte schreiben	Redemittel	phrase	Lieber …	
10	227	Postkarte schreiben	Redemittel	sentence	Herzliche Grüße aus …	
10	227	Postkarte schreiben	Redemittel	sentence	Hier gibt es viele Sehenswürdigkeiten.	
10	227	Postkarte schreiben	Redemittel	sentence	Gestern habe ich … besucht.	
10	227	Postkarte schreiben	Redemittel	sentence	Man kann hier viel machen.	
10	227	Postkarte schreiben	Redemittel	phrase	Morgen besuche ich …	
10	227	Postkarte schreiben	Redemittel	sentence	Bis bald!	
10	227	Postkarte schreiben	Redemittel	sentence	Viele Grüße!	
